,Unnamed: 0,Unnamed: 0.1,seq_id,protein_sequence,pH,data_source,tm,fasta_ss_search_result
0,8320,8320,8633,MEDDRVFSSVHSTVFKESESLEGKCDKIEGYDFNQGVDYPKLMRSMLTTGFQASNLGEAIDVVNQMLDWRLADETTVAEDCSEEEKNPSFRESVKCKIFLGFTSNLVSSGVRDTIRYLVQHHMVDVIVTTTGGVEEDLIKCLAPTFKGDFSLPGAYLRSKGLNRIGNLLVPNDNYCKFEDWIIPIFDEMLKEQKEENVLWTPSKLLARLGKEINNESSYLYWAYKMNIPVFCPGLTDGSLGDMLYFHSFRTSGLIIDVVQDIRAMNGEAVHANPKKTGMIILGGGLPKHHICNANMMRNGADYAVFINTGQEFDGSDSGARPDEAVSWGKIRGSAKTVKVYCDATIAFPLLVAETFATKRDQTCESK,7.0,doi.org/10.1038/s41592-020-0801-4,49.1,SP:Q9FI94 DHYS_ARATH Deoxyhypusine synthase OS=Ara ( 368) 2467 604.8 6.6e-172
1,8321,8321,8634,MEDEAVLDRGASFLKHVCDEEEVEGHHTIYIGVHVPKSYRRRRRHKRKAGHKEKKEKERISENYSDKSDVENADESSSSILKPLISPAAERIRFILGEEDDSPAPPQLFTELDELLAVDGQEMEWKETARWIKFEEKVEQGGERWSKPHVATLSLHSLFELRTCMEKGSIMLDREASSLPQLVEMIADHQIETGLLKPDLKDKVTYTLLRKHRHQTKKSNLRSLADIGKTVSSASRMFSNPDNGSPAMTHRNLTSSSLNDISDKPEKDQLKNKFMKKLPRDAEASNVLVGEVDFLDTPFIAFVRLQQAVMLGALTEVPVPTRFLFILLGPKGKAKSYHEIGRAIATLMSDEVFHDIAYKAKDRHDLIAGIDEFLDEVIVLPPGEWDPTIRIEPPKSLPSSDKRKNMYSGGENVQMNGDTPHDGGHGGGGHGDCEELQRTGRFCGGLIKDIKRKAPFFASDFYDALNIQALSAILFIYLATVTNAITFGGLLGDATDNMQGVLESFLGTAVSGAIFCLFAGQPLTILSSTGPVLVFERLLFNFSKDHNFDYLEFRLWIGLWSAFMCLVLVATDASFLVQYFTRFTEEGFSSLISFIFIYDAFKKMIKLADYYPINSDFKVGYNTHFSCACLPPDPVNLSVSNDTTLAPEDLPTISSTDMYHNVTFDWAYLSKKECVKYGGKLVGNNCDFVPDITLMSFILFLGTYTSSMAMKKFKTSRYFPTTARKLISDFAIILSILIFCVIDALVGVDTPKLIVPSEFKPTSPNRGWFVPPFGGNPWWVCLAAAIPALLVTILIFMDQQITAVIVNRKEHKLKKGAGYHLDLFWVAILMVVCSFMALPWYVAATVISIAHIDSLKMETETSAPGEQPKFLGVREQRVTGTLVFILTGLSVFMAPILKFIPMPVLYGVFLYMGVASLNGVQFMDRLKLLLMPLKHQPDFIYLRHVPLRRVHLFTFLQVLCLALLWILKSTVAAIIFPVMILALVAVRKGMDYLFSQHDLSFLDDVIPEKDKKKKEDEKKKKKKKGSLDSDNDDSDCPYSEKVPSIKIPMDIMEQQPFLSDNKPLDRERSSTFLERHTS,7.0,doi.org/10.1038/s41592-020-0801-4,57.8,SP:O88343 S4A4_MOUSE Electrogenic sodium bicarbona (1079) 7172 1544.0       0
2,10426,10426,11001,MGCVQCKDKEATKLTEERDGSLNQSSGYRYGTDPTPQHYPSFGVTSIPNYNNFHAAGGQGLTVFGGVNSSSHTGTLRTRGGTGVTLFVALYDYEARTEDDLSFHKGEKFQILNSSEGDWWEARDLTTGETGYIPSNYVAPVDSIQAEEWYFGKLGRKDAERQLLSFGNPRGTFLIRESETTKGAYSLSIRDWDDMKGDHVKHYKIRKLDNGGYYITTRAQFETLQQLVQHYSERAAGLCCRLVVPCHKGMPRLTDLSVKTKDVWEIPRESLQLIKRLGNGQFGEVWMGTWNGNTKVAIKTLKPGTMSPESFLEEAQIMKKLKHDKLVQLYAVVSEEPIYIVTEYMNKGSLLDFLKDGEGRALKLPNLVDMAAQVAAGMAYIERMNYIHRDLRSANILVGNGLICKIADFGLARLIEDNEYTARQGAKFPIKWTAPEAALYGRFTIKSDVWSFGILLTELVTKGRVPYPGMNNREVLEQVERGYRMPCPQDCPISLHELMIHCWKKDPEERPTFEYLQSFLEDYFTATEPQYQPGENL,8.0,10.1021/bi981788p,59.4,SP:P06241 FYN_HUMAN Tyrosine-protein kinase Fyn OS ( 537) 3646 431.6 1.9e-119
3,10427,10427,11002,MGCVQCKDKEATKLTEERDGSLNQSSGYRYGTDPTPQHYPSFGVTSIPNYNNFHAAGGQGLTVFGGVNSSSHTGTLRTRGGTGVTLFVALYDYEARTEDDLSFHKGEKFQILNSSEGDWWEARFLTTGETGYIPSNYVAPVDSIQAEEWYFGKLGRKDAERQLLSFGNPRGTFLIRESETTKGAYSLSIRDWDDMKGDHVKHYKIRKLDNGGYYITTRAQFETLQQLVQHYSERAAGLCCRLVVPCHKGMPRLTDLSVKTKDVWEIPRESLQLIKRLGNGQFGEVWMGTWNGNTKVAIKTLKPGTMSPESFLEEAQIMKKLKHDKLVQLYAVVSEEPIYIVTEYMNKGSLLDFLKDGEGRALKLPNLVDMAAQVAAGMAYIERMNYIHRDLRSANILVGNGLICKIADFGLARLIEDNEYTARQGAKFPIKWTAPEAALYGRFTIKSDVWSFGILLTELVTKGRVPYPGMNNREVLEQVERGYRMPCPQDCPISLHELMIHCWKKDPEERPTFEYLQSFLEDYFTATEPQYQPGENL,8.0,10.1021/bi981788p,61.4,SP:P06241 FYN_HUMAN Tyrosine-protein kinase Fyn OS ( 537) 3643 434.0 3.8e-120
4,10430,10430,11008,MGCVQCKDKEATKLTEERDGSLNQSSGYRYGTDPTPQHYPSFGVTSIPNYNNFHAAGGQGLTVFGGVNSSSHTGTLRTRGGTGVTLFVALYDYEARTEDDLSFHKGEKFQILNSSEGDWWEARILTTGETGYIPSNYVAPVDSIQAEEWYFGKLGRKDAERQLLSFGNPRGTFLIRESETTKGAYSLSIRDWDDMKGDHVKHYKIRKLDNGGYYITTRAQFETLQQLVQHYSERAAGLCCRLVVPCHKGMPRLTDLSVKTKDVWEIPRESLQLIKRLGNGQFGEVWMGTWNGNTKVAIKTLKPGTMSPESFLEEAQIMKKLKHDKLVQLYAVVSEEPIYIVTEYMNKGSLLDFLKDGEGRALKLPNLVDMAAQVAAGMAYIERMNYIHRDLRSANILVGNGLICKIADFGLARLIEDNEYTARQGAKFPIKWTAPEAALYGRFTIKSDVWSFGILLTELVTKGRVPYPGMNNREVLEQVERGYRMPCPQDCPISLHELMIHCWKKDPEERPTFEYLQSFLEDYFTATEPQYQPGENL,8.0,10.1021/bi981788p,73.3,SP:P06241 FYN_HUMAN Tyrosine-protein kinase Fyn OS ( 537) 3643 431.6 1.9e-119
5,10431,10431,11011,MGCVQCKDKEATKLTEERDGSLNQSSGYRYGTDPTPQHYPSFGVTSIPNYNNFHAAGGQGLTVFGGVNSSSHTGTLRTRGGTGVTLFVALYDYEARTEDDLSFHKGEKFQILNSSEGDWWEARKLTTGETGYIPSNYVAPVDSIQAEEWYFGKLGRKDAERQLLSFGNPRGTFLIRESETTKGAYSLSIRDWDDMKGDHVKHYKIRKLDNGGYYITTRAQFETLQQLVQHYSERAAGLCCRLVVPCHKGMPRLTDLSVKTKDVWEIPRESLQLIKRLGNGQFGEVWMGTWNGNTKVAIKTLKPGTMSPESFLEEAQIMKKLKHDKLVQLYAVVSEEPIYIVTEYMNKGSLLDFLKDGEGRALKLPNLVDMAAQVAAGMAYIERMNYIHRDLRSANILVGNGLICKIADFGLARLIEDNEYTARQGAKFPIKWTAPEAALYGRFTIKSDVWSFGILLTELVTKGRVPYPGMNNREVLEQVERGYRMPCPQDCPISLHELMIHCWKKDPEERPTFEYLQSFLEDYFTATEPQYQPGENL,8.0,10.1021/bi981788p,85.5,SP:P06241 FYN_HUMAN Tyrosine-protein kinase Fyn OS ( 537) 3646 424.4 2.9e-117
6,10432,10432,11013,MGCVQCKDKEATKLTEERDGSLNQSSGYRYGTDPTPQHYPSFGVTSIPNYNNFHAAGGQGLTVFGGVNSSSHTGTLRTRGGTGVTLFVALYDYEARTEDDLSFHKGEKFQILNSSEGDWWEARLLTTGETGYIPSNYVAPVDSIQAEEWYFGKLGRKDAERQLLSFGNPRGTFLIRESETTKGAYSLSIRDWDDMKGDHVKHYKIRKLDNGGYYITTRAQFETLQQLVQHYSERAAGLCCRLVVPCHKGMPRLTDLSVKTKDVWEIPRESLQLIKRLGNGQFGEVWMGTWNGNTKVAIKTLKPGTMSPESFLEEAQIMKKLKHDKLVQLYAVVSEEPIYIVTEYMNKGSLLDFLKDGEGRALKLPNLVDMAAQVAAGMAYIERMNYIHRDLRSANILVGNGLICKIADFGLARLIEDNEYTARQGAKFPIKWTAPEAALYGRFTIKSDVWSFGILLTELVTKGRVPYPGMNNREVLEQVERGYRMPCPQDCPISLHELMIHCWKKDPEERPTFEYLQSFLEDYFTATEPQYQPGENL,8.0,10.1021/bi981788p,75.6,SP:P06241 FYN_HUMAN Tyrosine-protein kinase Fyn OS ( 537) 3643 423.9  4e-117
7,10433,10433,11015,MGCVQCKDKEATKLTEERDGSLNQSSGYRYGTDPTPQHYPSFGVTSIPNYNNFHAAGGQGLTVFGGVNSSSHTGTLRTRGGTGVTLFVALYDYEARTEDDLSFHKGEKFQILNSSEGDWWEARNLTTGETGYIPSNYVAPVDSIQAEEWYFGKLGRKDAERQLLSFGNPRGTFLIRESETTKGAYSLSIRDWDDMKGDHVKHYKIRKLDNGGYYITTRAQFETLQQLVQHYSERAAGLCCRLVVPCHKGMPRLTDLSVKTKDVWEIPRESLQLIKRLGNGQFGEVWMGTWNGNTKVAIKTLKPGTMSPESFLEEAQIMKKLKHDKLVQLYAVVSEEPIYIVTEYMNKGSLLDFLKDGEGRALKLPNLVDMAAQVAAGMAYIERMNYIHRDLRSANILVGNGLICKIADFGLARLIEDNEYTARQGAKFPIKWTAPEAALYGRFTIKSDVWSFGILLTELVTKGRVPYPGMNNREVLEQVERGYRMPCPQDCPISLHELMIHCWKKDPEERPTFEYLQSFLEDYFTATEPQYQPGENL,8.0,10.1021/bi981788p,77.5,SP:P06241 FYN_HUMAN Tyrosine-protein kinase Fyn OS ( 537) 3647 427.7  3e-118
8,10434,10434,11017,MGCVQCKDKEATKLTEERDGSLNQSSGYRYGTDPTPQHYPSFGVTSIPNYNNFHAAGGQGLTVFGGVNSSSHTGTLRTRGGTGVTLFVALYDYEARTEDDLSFHKGEKFQILNSSEGDWWEARRLTTGETGYIPSNYVAPVDSIQAEEWYFGKLGRKDAERQLLSFGNPRGTFLIRESETTKGAYSLSIRDWDDMKGDHVKHYKIRKLDNGGYYITTRAQFETLQQLVQHYSERAAGLCCRLVVPCHKGMPRLTDLSVKTKDVWEIPRESLQLIKRLGNGQFGEVWMGTWNGNTKVAIKTLKPGTMSPESFLEEAQIMKKLKHDKLVQLYAVVSEEPIYIVTEYMNKGSLLDFLKDGEGRALKLPNLVDMAAQVAAGMAYIERMNYIHRDLRSANILVGNGLICKIADFGLARLIEDNEYTARQGAKFPIKWTAPEAALYGRFTIKSDVWSFGILLTELVTKGRVPYPGMNNREVLEQVERGYRMPCPQDCPISLHELMIHCWKKDPEERPTFEYLQSFLEDYFTATEPQYQPGENL,8.0,10.1021/bi981788p,82.6,SP:P06241 FYN_HUMAN Tyrosine-protein kinase Fyn OS ( 537) 3645 428.6 1.5e-118
9,20069,20069,22113,MRNTGAGPSPSVSRPPPSAAPLSGAALAAPGDAPSALYAPSALMLTVGKGVSATTAAPERAVTLTCAPGPSGTHPAAGSACADLAAVGGDLNALTRGEDVMCPMVYDPVLLTVDGVWQGKRVSYERVFSNECEMNAHGSSVFAF,8.0,,82.2,SP:P01006 SSI_STRAO Subtilisin inhibitor OS=Strept ( 144)  961 191.9 2.1e-48
10,20070,20070,22114,MRNTGAGPSPSVSRPPPSAAPLSGAALAAPGDAPSALYAPSALMLTVGKGVSATTAAPERAVTLTCAPGPSGTHPAAGSACADLAAVGGDLNALTRGEDVMCPMVYDPVLLTVDGVWQGKRVSYERVFSNECEMNAHGSSVFAF,8.2,,82.2,SP:P01006 SSI_STRAO Subtilisin inhibitor OS=Strept ( 144)  961 191.1 3.4e-48
11,20071,20071,22151,MRNTGAGPSPSVSRPPPSAAPLSGAALAAPGDAPSALYAPSALVLTVGKGVSATTAAPERAVTLTCAPGPSGTHPAAGSACADLAAVGGDLNALTRGEDVMCPMVYDPVLLTVCGVWQGKRVSYERVFSNECEMNAHGSSVFAF,7.0,10.1021/bi00252a018,95.3,SP:P01006 SSI_STRAO Subtilisin inhibitor OS=Strept ( 144)  953 190.4 5.8e-48
12,20072,20072,22152,MRNTGAGPSPSVSRPPPSAAPLSGAALAAPGDAPSALYAPSALVLTVGKGVSATTAAPERAVTLTCAPGPSGTHPAAGSACADLAAVGGDLNALTRGEDVMCPMVYDPVLLTVCGVWQGKRVSYERVFSNECEMNAHGSSVFAF,3.16,10.1021/bi00252a018,66.5,SP:P01006 SSI_STRAO Subtilisin inhibitor OS=Strept ( 144)  953 189.6   1e-47
13,20073,20073,22153,MRNTGAGPSPSVSRPPPSAAPLSGAALAAPGDAPSALYAPSALVLTVGKGVSATTAAPERAVTLTCAPGPSGTHPAAGSACADLAAVGGDLNALTRGEDVMCPMVYDPVLLTVCGVWQGKRVSYERVFSNECEMNAHGSSVFAF,2.94,10.1021/bi00252a018,61.2,SP:P01006 SSI_STRAO Subtilisin inhibitor OS=Strept ( 144)  953 190.1   7e-48
14,20074,20074,22154,MRNTGAGPSPSVSRPPPSAAPLSGAALAAPGDAPSALYAPSALVLTVGKGVSATTAAPERAVTLTCAPGPSGTHPAAGSACADLAAVGGDLNALTRGEDVMCPMVYDPVLLTVCGVWQGKRVSYERVFSNECEMNAHGSSVFAF,9.75,10.1021/bi00252a018,94.8,SP:P01006 SSI_STRAO Subtilisin inhibitor OS=Strept ( 144)  953 189.8 8.4e-48
15,20075,20075,22155,MRNTGAGPSPSVSRPPPSAAPLSGAALAAPGDAPSALYAPSALVLTVGKGVSATTAAPERAVTLTCAPGPSGTHPAAGSACADLAAVGGDLNALTRGEDVMCPMVYDPVLLTVCGVWQGKRVSYERVFSNECEMNAHGSSVFAF,3.15,10.1021/bi00252a018,66.6,SP:P01006 SSI_STRAO Subtilisin inhibitor OS=Strept ( 144)  953 189.9 8.1e-48
16,20076,20076,22156,MRNTGAGPSPSVSRPPPSAAPLSGAALAAPGDAPSALYAPSALVLTVGKGVSATTAAPERAVTLTCAPGPSGTHPAAGSACADLAAVGGDLNALTRGEDVMCPMVYDPVLLTVCGVWQGKRVSYERVFSNECEMNAHGSSVFAF,3.07,10.1021/bi00252a018,64.5,SP:P01006 SSI_STRAO Subtilisin inhibitor OS=Strept ( 144)  953 190.0 7.6e-48
17,20077,20077,22157,MRNTGAGPSPSVSRPPPSAAPLSGAALAAPGDAPSALYAPSALVLTVGKGVSATTAAPERAVTLTCAPGPSGTHPAAGSACADLAAVGGDLNALTRGEDVMCPMVYDPVLLTVCGVWQGKRVSYERVFSNECEMNAHGSSVFAF,3.04,10.1021/bi00252a018,63.2,SP:P01006 SSI_STRAO Subtilisin inhibitor OS=Strept ( 144)  953 188.7 1.9e-47
18,20078,20078,22158,MRNTGAGPSPSVSRPPPSAAPLSGAALAAPGDAPSALYAPSALVLTVGKGVSATTAAPERAVTLTCAPGPSGTHPAAGSACADLAAVGGDLNALTRGEDVMCPMVYDPVLLTVCGVWQGKRVSYERVFSNECEMNAHGSSVFAF,3.25,10.1021/bi00252a018,68.8,SP:P01006 SSI_STRAO Subtilisin inhibitor OS=Strept ( 144)  953 190.6 4.8e-48
19,20079,20079,22159,MRNTGAGPSPSVSRPPPSAAPLSGAALAAPGDAPSALYAPSALVLTVGKGVSATTAAPERAVTLTCAPGPSGTHPAAGSACADLAAVGGDLNALTRGEDVMCPMVYDPVLLTVCGVWQGKRVSYERVFSNECEMNAHGSSVFAF,9.5,10.1021/bi00252a018,95.0,SP:P01006 SSI_STRAO Subtilisin inhibitor OS=Strept ( 144)  953 189.6 9.7e-48
20,20080,20080,22160,MRNTGAGPSPSVSRPPPSAAPLSGAALAAPGDAPSALYAPSALVLTVGKGVSATTAAPERAVTLTCAPGPSGTHPAAGSACADLAAVGGDLNALTRGEDVMCPMVYDPVLLTVDGVWQGKRVSYERVFSNECEANAHGSSVFAF,6.9,,75.5,SP:P01006 SSI_STRAO Subtilisin inhibitor OS=Strept ( 144)  957 190.4 5.6e-48
21,20081,20081,22161,MRNTGAGPSPSVSRPPPSAAPLSGAALAAPGDAPSALYAPSALVLTVGKGVSATTAAPERAVTLTCAPGPSGTHPAAGSACADLAAVGGDLNALTRGEDVMCPMVYDPVLLTVDGVWQGKRVSYERVFSNECEANAHGSSVFAF,9.5,10.1006/jmbi.1995.0323,75.5,SP:P01006 SSI_STRAO Subtilisin inhibitor OS=Strept ( 144)  957 189.5   1e-47
22,20082,20082,22162,MRNTGAGPSPSVSRPPPSAAPLSGAALAAPGDAPSALYAPSALVLTVGKGVSATTAAPERAVTLTCAPGPSGTHPAAGSACADLAAVGGDLNALTRGEDVMCPMVYDPVLLTVDGVWQGKRVSYERVFSNECEANAHGSSVFAF,7.0,10.1006/jmbi.1995.0323,78.0,SP:P01006 SSI_STRAO Subtilisin inhibitor OS=Strept ( 144)  957 189.8 8.5e-48
23,20083,20083,22163,MRNTGAGPSPSVSRPPPSAAPLSGAALAAPGDAPSALYAPSALVLTVGKGVSATTAAPERAVTLTCAPGPSGTHPAAGSACADLAAVGGDLNALTRGEDVMCPMVYDPVLLTVDGVWQGKRVSYERVFSNECEANAHGSSVFAF,3.2,10.1006/jmbi.1995.0323,49.3,SP:P01006 SSI_STRAO Subtilisin inhibitor OS=Strept ( 144)  957 189.2 1.3e-47
24,20084,20084,22164,MRNTGAGPSPSVSRPPPSAAPLSGAALAAPGDAPSALYAPSALVLTVGKGVSATTAAPERAVTLTCAPGPSGTHPAAGSACADLAAVGGDLNALTRGEDVMCPMVYDPVLLTVDGVWQGKRVSYERVFSNECEGNAHGSSVFAF,8.2,,81.5,SP:P01006 SSI_STRAO Subtilisin inhibitor OS=Strept ( 144)  955 190.4 5.6e-48
25,20085,20085,22165,MRNTGAGPSPSVSRPPPSAAPLSGAALAAPGDAPSALYAPSALVLTVGKGVSATTAAPERAVTLTCAPGPSGTHPAAGSACADLAAVGGDLNALTRGEDVMCPMVYDPVLLTVDGVWQGKRVSYERVFSNECEGNAHGSSVFAF,8.0,,81.6,SP:P01006 SSI_STRAO Subtilisin inhibitor OS=Strept ( 144)  955 189.9 7.8e-48
26,20086,20086,22166,MRNTGAGPSPSVSRPPPSAAPLSGAALAAPGDAPSALYAPSALVLTVGKGVSATTAAPERAVTLTCAPGPSGTHPAAGSACADLAAVGGDLNALTRGEDVMCPMVYDPVLLTVDGVWQGKRVSYERVFSNECEGNAHGSSVFAF,9.5,10.1006/jmbi.1995.0323,66.3,SP:P01006 SSI_STRAO Subtilisin inhibitor OS=Strept ( 144)  955 189.6 9.7e-48
27,20087,20087,22167,MRNTGAGPSPSVSRPPPSAAPLSGAALAAPGDAPSALYAPSALVLTVGKGVSATTAAPERAVTLTCAPGPSGTHPAAGSACADLAAVGGDLNALTRGEDVMCPMVYDPVLLTVDGVWQGKRVSYERVFSNECEGNAHGSSVFAF,7.0,10.1006/jmbi.1995.0323,68.6,SP:P01006 SSI_STRAO Subtilisin inhibitor OS=Strept ( 144)  955 190.5 5.2e-48
28,20088,20088,22168,MRNTGAGPSPSVSRPPPSAAPLSGAALAAPGDAPSALYAPSALVLTVGKGVSATTAAPERAVTLTCAPGPSGTHPAAGSACADLAAVGGDLNALTRGEDVMCPMVYDPVLLTVDGVWQGKRVSYERVFSNECEINAHGSSVFAF,7.0,10.1006/jmbi.1995.0323,78.3,SP:P01006 SSI_STRAO Subtilisin inhibitor OS=Strept ( 144)  960 191.5 2.6e-48
29,20089,20089,22169,MRNTGAGPSPSVSRPPPSAAPLSGAALAAPGDAPSALYAPSALVLTVGKGVSATTAAPERAVTLTCAPGPSGTHPAAGSACADLAAVGGDLNALTRGEDVMCPMVYDPVLLTVDGVWQGKRVSYERVFSNECEINAHGSSVFAF,3.2,10.1006/jmbi.1995.0323,46.1,SP:P01006 SSI_STRAO Subtilisin inhibitor OS=Strept ( 144)  960 191.4 2.9e-48
30,20090,20090,22170,MRNTGAGPSPSVSRPPPSAAPLSGAALAAPGDAPSALYAPSALVLTVGKGVSATTAAPERAVTLTCAPGPSGTHPAAGSACADLAAVGGDLNALTRGEDVMCPMVYDPVLLTVDGVWQGKRVSYERVFSNECEINAHGSSVFAF,9.5,10.1006/jmbi.1995.0323,75.9,SP:P01006 SSI_STRAO Subtilisin inhibitor OS=Strept ( 144)  960 192.0 1.9e-48
31,20091,20091,22171,MRNTGAGPSPSVSRPPPSAAPLSGAALAAPGDAPSALYAPSALVLTVGKGVSATTAAPERAVTLTCAPGPSGTHPAAGSACADLAAVGGDLNALTRGEDVMCPMVYDPVLLTVDGVWQGKRVSYERVFSNECEINAHGSSVFAF,6.9,,75.5,SP:P01006 SSI_STRAO Subtilisin inhibitor OS=Strept ( 144)  960 190.8 4.2e-48
32,20092,20092,22172,MRNTGAGPSPSVSRPPPSAAPLSGAALAAPGDAPSALYAPSALVLTVGKGVSATTAAPERAVTLTCAPGPSGTHPAAGSACADLAAVGGDLNALTRGEDVMCPMVYDPVLLTVDGVWQGKRVSYERVFSNECELNAHGSSVFAF,7.0,10.1006/jmbi.1995.0323,82.5,SP:P01006 SSI_STRAO Subtilisin inhibitor OS=Strept ( 144)  961 191.8 2.2e-48
33,20093,20093,22173,MRNTGAGPSPSVSRPPPSAAPLSGAALAAPGDAPSALYAPSALVLTVGKGVSATTAAPERAVTLTCAPGPSGTHPAAGSACADLAAVGGDLNALTRGEDVMCPMVYDPVLLTVDGVWQGKRVSYERVFSNECELNAHGSSVFAF,9.5,10.1006/jmbi.1995.0323,80.2,SP:P01006 SSI_STRAO Subtilisin inhibitor OS=Strept ( 144)  961 191.3 3.1e-48
34,20094,20094,22174,MRNTGAGPSPSVSRPPPSAAPLSGAALAAPGDAPSALYAPSALVLTVGKGVSATTAAPERAVTLTCAPGPSGTHPAAGSACADLAAVGGDLNALTRGEDVMCPMVYDPVLLTVDGVWQGKRVSYERVFSNECELNAHGSSVFAF,3.2,10.1006/jmbi.1995.0323,55.8,SP:P01006 SSI_STRAO Subtilisin inhibitor OS=Strept ( 144)  961 190.1   7e-48
35,20095,20095,22175,MRNTGAGPSPSVSRPPPSAAPLSGAALAAPGDAPSALYAPSALVLTVGKGVSATTAAPERAVTLTCAPGPSGTHPAAGSACADLAAVGGDLNALTRGEDVMCPMVYDPVLLTVDGVWQGKRVSYERVFSNECEVNAHGSSVFAF,6.6,,72.1,SP:P01006 SSI_STRAO Subtilisin inhibitor OS=Strept ( 144)  959 190.5 5.4e-48
36,20096,20096,22176,MRNTGAGPSPSVSRPPPSAAPLSGAALAAPGDAPSALYAPSALVLTVGKGVSATTAAPERAVTLTCAPGPSGTHPAAGSACADLAAVGGDLNALTRGEDVMCPMVYDPVLLTVDGVWQGKRVSYERVFSNECEVNAHGSSVFAF,7.0,10.1006/jmbi.1995.0323,78.6,SP:P01006 SSI_STRAO Subtilisin inhibitor OS=Strept ( 144)  959 190.6 4.9e-48
37,20097,20097,22177,MRNTGAGPSPSVSRPPPSAAPLSGAALAAPGDAPSALYAPSALVLTVGKGVSATTAAPERAVTLTCAPGPSGTHPAAGSACADLAAVGGDLNALTRGEDVMCPMVYDPVLLTVDGVWQGKRVSYERVFSNECEVNAHGSSVFAF,3.2,10.1006/jmbi.1995.0323,49.1,SP:P01006 SSI_STRAO Subtilisin inhibitor OS=Strept ( 144)  959 190.2 6.4e-48
38,20098,20098,22178,MRNTGAGPSPSVSRPPPSAAPLSGAALAAPGDAPSALYAPSALVLTVGKGVSATTAAPERAVTLTCAPGPSGTHPAAGSACADLAAVGGDLNALTRGEDVMCPMVYDPVLLTVDGVWQGKRVSYERVFSNECEVNAHGSSVFAF,9.5,10.1006/jmbi.1995.0323,76.4,SP:P01006 SSI_STRAO Subtilisin inhibitor OS=Strept ( 144)  959 190.3   6e-48
39,20099,20099,22179,MRNTGAGPSPSVSRPPPSAAPLSGAALAAPGDAPSALYAPSALVLTVGKGVSATTAAPERAVTLTCAPGPSGTHPAAGSACADLAAVGGDLNALTRGEDVMCPMVYDPVLLTVDGVWQGKRVSYERVFSNECEVNAHGSSVFAF,6.9,,75.5,SP:P01006 SSI_STRAO Subtilisin inhibitor OS=Strept ( 144)  959 191.1 3.6e-48
40,20100,20100,22180,MRNTGAGPSPSVSRPPPSAAPLSGAALAAPGDAPSALYAPSALVLTVGKGVSATTAAPERAVTLTCAPGPSGTHPAAGSACADLAAVGGDLNALTRGEDVMCPMVYDPVLLTVNGVWQGKRVSYERVFSNECEMNAHGSSVFAF,7.0,10.1021/bi00252a018,83.1,SP:P01006 SSI_STRAO Subtilisin inhibitor OS=Strept ( 144)  959 191.2 3.3e-48
41,20101,20101,22181,MRNTGAGPSPSVSRPPPSAAPLSGAALAAPGDAPSALYAPSALVLTVGKGVSATTAAPERAVTLTCAPGPSGTHPAAGSACADLAAVGGDLNALTRGEDVMCPMVYDPVLLTVNGVWQGKRVSYERVFSNECEMNAHGSSVFAF,3.2,10.1021/bi00252a018,51.3,SP:P01006 SSI_STRAO Subtilisin inhibitor OS=Strept ( 144)  959 191.4 2.8e-48
42,20102,20102,22182,MRNTGAGPSPSVSRPPPSAAPLSGAALAAPGDAPSALYAPSALVLTVGKGVSATTAAPERAVTLTCAPGPSGTHPAAGSACADLAAVGGDLNALTRGEDVMCPMVYDPVLLTVNGVWQGKRVSYERVFSNECEMNAHGSSVFAF,3.21,10.1021/bi00252a018,51.3,SP:P01006 SSI_STRAO Subtilisin inhibitor OS=Strept ( 144)  959 190.6 4.9e-48
43,20103,20103,22183,MRNTGAGPSPSVSRPPPSAAPLSGAALAAPGDAPSALYAPSALVLTVGKGVSATTAAPERAVTLTCAPGPSGTHPAAGSACADLAAVGGDLNALTRGEDVMCPMVYDPVLLTVNGVWQGKRVSYERVFSNECEMNAHGSSVFAF,3.15,10.1021/bi00252a018,50.2,SP:P01006 SSI_STRAO Subtilisin inhibitor OS=Strept ( 144)  959 190.1 6.9e-48
44,20104,20104,22184,MRNTGAGPSPSVSRPPPSAAPLSGAALAAPGDAPSALYAPSALVLTVGKGVSATTAAPERAVTLTCAPGPSGTHPAAGSACADLAAVGGDLNALTRGEDVMCPMVYDPVLLTVNGVWQGKRVSYERVFSNECEMNAHGSSVFAF,3.16,10.1021/bi00252a018,49.9,SP:P01006 SSI_STRAO Subtilisin inhibitor OS=Strept ( 144)  959 191.7 2.3e-48
45,20105,20105,22185,MRNTGAGPSPSVSRPPPSAAPLSGAALAAPGDAPSALYAPSALVLTVGKGVSATTAAPERAVTLTCAPGPSGTHPAAGSACADLAAVGGDLNALTRGEDVMCPMVYDPVLLTVNGVWQGKRVSYERVFSNECEMNAHGSSVFAF,9.5,10.1021/bi00252a018,82.6,SP:P01006 SSI_STRAO Subtilisin inhibitor OS=Strept ( 144)  959 191.0 3.8e-48
46,20106,20106,22186,MRNTGAGPSPSVSRPPPSAAPLSGAALAAPGDAPSALYAPSALVLTVGKGVSATTAAPERAVTLTCAPGPSGTHPAAGSACADLAAVGGDLNALTRGEDVMCPMVYDPVLLTVNGVWQGKRVSYERVFSNECEMNAHGSSVFAF,3.07,10.1021/bi00252a018,47.3,SP:P01006 SSI_STRAO Subtilisin inhibitor OS=Strept ( 144)  959 190.7 4.6e-48
47,20107,20107,22187,MRNTGAGPSPSVSRPPPSAAPLSGAALAAPGDAPSALYAPSALVLTVGKGVSATTAAPERAVTLTCAPGPSGTHPAAGSACADLAAVGGDLNALTRGEDVMCPMVYDPVLLTVNGVWQGKRVSYERVFSNECEMNAHGSSVFAF,9.75,10.1021/bi00252a018,82.3,SP:P01006 SSI_STRAO Subtilisin inhibitor OS=Strept ( 144)  959 191.3   3e-48
48,20108,20108,22188,MRNTGAGPSPSVSRPPPSAAPLSGAALAAPGDAPSALYAPSALVLTVGKGVSATTAAPERAVTLTCAPGPSGTHPAAGSACADLAAVGGDLNALTRGEDVMCPMVYDPVLLTVNGVWQGKRVSYERVFSNECEMNAHGSSVFAF,2.9,10.1021/bi00252a018,42.3,SP:P01006 SSI_STRAO Subtilisin inhibitor OS=Strept ( 144)  959 191.8 2.1e-48
49,20109,20109,22189,MRNTGAGPSPSVSRPPPSAAPLSGAALAAPGDAPSALYAPSALVLTVGKGVSATTAAPERAVTLTCAPGPSGTHPAAGSACADLAAVGGDLNALTRGEDVMCPMVYDPVLLTVNGVWQGKRVSYERVFSNECEMNAHGSSVFAF,3.04,10.1021/bi00252a018,46.3,SP:P01006 SSI_STRAO Subtilisin inhibitor OS=Strept ( 144)  959 189.9 8.1e-48
50,20110,20110,22190,MRNTGAGPSPSVSRPPPSAAPLSGAALAAPGDAPSALYAPSALVLTVGKGVSATTAAPERAVTLTCAPGPSGTHPAAGSACADLAAVGGDLNALTRGEDVMCPMVYDPVLLTVNGVWQGKRVSYERVFSNECEMNAHGSSVFAF,2.98,10.1021/bi00252a018,45.1,SP:P01006 SSI_STRAO Subtilisin inhibitor OS=Strept ( 144)  959 190.7 4.5e-48
51,20111,20111,22191,MRNTGAGPSPSVSRPPPSAAPLSGAALAAPGDAPSALYAPSALVLTVGKGVSATTAAPERAVTLTCAPGPSGTHPAAGSACADLAAVGGDLNALTRGEDVMCPMVYDPVLLTVNGVWQGKRVSYERVFSNECEMNAHGSSVFAF,2.94,10.1021/bi00252a018,44.8,SP:P01006 SSI_STRAO Subtilisin inhibitor OS=Strept ( 144)  959 190.9 4.1e-48
52,20112,20112,22192,MRNTGAGPSPSVSRPPPSAAPLSGAALAAPGDAPSALYAPSALVLTVGKGVSATTAAPERAVTLTCAPGPSGTHPAAGSACADLAAVGGDLNALTRGEDVMCPMVYDPVLLTVNGVWQGKRVSYERVFSNECEMNAHGSSVFAF,3.19,10.1021/bi00252a018,51.4,SP:P01006 SSI_STRAO Subtilisin inhibitor OS=Strept ( 144)  959 190.9   4e-48
53,20113,20113,22193,MRNTGAGPSPSVSRPPPSAAPLSGAALAAPGDAPSALYAPSALVLTVGKGVSATTAAPERAVTLTCAPGPSGTHPAAGSACADLAAVGGDLNALTRGEDVMCPVVYDPVLLTVDGVWQGKRVSYERVFSNECEMNAHGSSVFAF,7.0,10.1006/jmbi.1995.0325,81.0,SP:P01006 SSI_STRAO Subtilisin inhibitor OS=Strept ( 144)  959 191.2 3.3e-48
54,20114,20114,22194,MRNTGAGPSPSVSRPPPSAAPLSGAALAAPGDAPSALYAPSALVLTVGKGVSATTAAPERAVTLTCAPGPSGTHPAAGSACADLAAVGGDLNALTRGEDVMCPVVYDPVLLTVDGVWQGKRVSYERVFSNECEMNAHGSSVFAF,9.5,10.1006/jmbi.1995.0325,79.0,SP:P01006 SSI_STRAO Subtilisin inhibitor OS=Strept ( 144)  959 191.2 3.3e-48
55,20115,20115,22195,MRNTGAGPSPSVSRPPPSAAPLSGAALAAPGDAPSALYAPSALVLTVGKGVSATTAAPERAVTLTCAPGPSGTHPAAGSACADLAAVGGDLNALTRGEDVMCPVVYDPVLLTVDGVWQGKRVSYERVFSNECEMNAHGSSVFAF,3.2,10.1006/jmbi.1995.0325,52.0,SP:P01006 SSI_STRAO Subtilisin inhibitor OS=Strept ( 144)  959 191.7 2.4e-48
56,20116,20116,22196,MRNTGAGPSPSVSRPPPSAAPLSGAALAAPGDAPSALYAPSALVLTVGKGVSATTAAPERAVTLTCAPGPSGTHPAAGSACADLAAVGGDLNALTRGEDVMCPVVYDPVLLTVDGVWQGKRVSYERVFSNECEMNAHGSSVFAF,6.9,,53.4,SP:P01006 SSI_STRAO Subtilisin inhibitor OS=Strept ( 144)  959 191.0 3.8e-48
57,20117,20117,22197,MRNVLIAGTGYLGESMAYDFLRHGFHVTVNSRNEKKLDDIKNRLSAYGSIDHIAMELKDMESCKNLMDEMHKRHGSIFGLIVSVGGYVEDSIEDPSGLDVMINNHLKIPVYLASAALKYMDHGSSIMFISNSTADRKSNLRTFSYTISKYALNKAVKIAAVNLINKGIRVNAVAPEYIIESFEPNRDYHAMHKYGKPETPVEDISRVVYDIMAENDWINGEIIAVDGGHSL,7.0,doi.org/10.1038/s41592-020-0801-4,73.4,SP:Q5FPE5 GMDH_GLUOX Glucose 1-dehydrogenase OS=Gl ( 266)  231 59.9 3.3e-08
58,20118,20118,22198,MRNVTAAGRNVDEAVQSGLQELGLTKDKVEITVIEEGNKGFLGIFGKKPAIVKLVEKIDPIQQAKLYLQTIAEAIAGKSDVTVQESKKTVRYHITGEKAALLIGKRGQTLNALETLTQLALNRYPGQYKNVTVDAENYRLKRKETLSQLAIKLADQVLKTKKSIQLEPMPSSERKIIHDTLSGYANHQIKTYSMGEGENRHLVISHK,7.0,doi.org/10.1038/s41592-020-0801-4,48.1,SP:Q01620 KHPB_BACSU RNA-binding protein KhpB OS=B ( 208) 1285 279.9 1.4e-74
59,28397,28397,30806,TMVKLSGALSKKQRTIHCQCLECDRSGKYKRSLFKKISNFSTWSNLTLVLLWVVMIFLIYYTKNMSREAQVFDPFSILGLEPGVTDSEIKKAYRRLSIQYHPDKNPDPEANKYFVEFISKAYQALTDSVSRENFEKYGHPDGRQGFQMGIALPQFLLDIDGASGGILLLWIVGVCILLPLVIAVIYLSRSSKYTGNYVMHQTLSAYYYLMKPSLAPSKVMEVFTKAAEYMEIPVRRTDDEPLQKLFMSVRSELNLDLKNMKQEQAKFWKQHPAIVKTELLIQAQLTRESGVLSPALQGDFRRVLELAPRLLEELLKMAVIPRTAQGHGWLRPAVGVVELSQCIVQAVPLSARKSSGVSSEGISPFLQLPHFSDAVVKKIARKKVKSFQDLQEMRLEDRSELLTQVAGLSATDVEDIEKVLEMMPSITVDITCETEGEEGIQEGDIVTLQAWVTLKRPNGLVGALPHAPYFPFHKEENYWVLLADSVSNNVWFSQKVSFLDEGGAITAASKAISESMEGSGAGVKETNDAVREAIEKVKGGSRLVMGKLQAPAEGTYNLTCFCLCDTWIGCDKKQALKVKVLKRTRAGTRGLVSDEGAIAEEGMEEEDEIEEEDYDDDYESEYSEDEDEKKDMDEKRGSKKANGSVKQKKESSSEESGSEE,7.0,doi.org/10.1038/s41592-020-0801-4,39.4,SP:Q0WT48 DNJ21_ARATH DnaJ protein ERDJ2A OS=Arabi ( 687) 4307 732.5 8.2e-210
60,28398,28398,30807,TNFFVVPKRTNPLPGTRRTFSSSPVAAASGDVVVKPVPSPPSVLRWVSRTELCGELSVNDVGKRVHLCGWVALHRVHGGLTFLNLRDHTGIVQVRTLPDEFPEAHGLINDMRLEYVVLVEGTVRSRPNESVNKKMKTGFVEVVAEHVEILNPVRTKLPFLVTTADENKDLIKEEIRLRFRCLDLRRQQMKNNIVLRHNVVKLIRRYLEDRHGFIEIETPILSRSTPEGARDYLVPSRIQSGTFYALPQSPQLFKQMLMVSGFDKYYQIARCFRDEDLRADRQPEFTQLDMEMAFMPMEDMLKLNEDLIRKVFSEIKGIQLPDPFPRLTYADAMDRYGSDRPDTRFDLELKDVSNVFTESSFRVFTEALESGGIIKVLCVPLGAKKYSNSALKKGDIYNEAMKSGAKGLPFLKVLDNGEIEGIAALVSSLDSAGKINFVKQCGAAPGDLILFGVGPVTSVNKTLDRLRLFVAHDMDLIDHSKHSILWVTDFPMFEWNEPEQRLEALHHPFTAPKPEDMDDLPSARALAYDMVYNGVEIGGGSLRIYKRDVQEKVLEIIGISPEEAESKFGYLLEALDMGAPPHGGIAYGLDRMVMMLGGASSIRDVIAFPKTTTAQCALTRTPSEVDPKQLQDLSIRT,7.0,doi.org/10.1038/s41592-020-0801-4,42.5,"SP:F4JJT9 SYDM_ARATH Aspartate--tRNA ligase, chlor ( 664) 4225 886.1       0"
61,28942,28942,31351,YRMRPTKIEDIIGQQHLVAEDKIIGRMVQAKHLSSMILYGPPGIGKTSIATAIAGSTSIAFRKLNAVINNKKDMEIVAQEAKMSGQVILILDEVHRLDKGKQDFLLPYLENGMIILIGATTANPYHAINPAIRSRTQIFELEPLTPELIKQALERALHDEHRGLGTYSVSIDDQAMEHFAHGCGGDVRSALNALELAVLSTKESADGEIHITLETAEECLQKKSFSHDKDGDAHYDVLSAFQKSIRGSDANAALHYLARLIEAGDLESIARRLLVIAYEDIGLASPQAGPRVLNAIQTAERVGFPEARIPLANAVIELCLSPKSNSAILAIDEALADIRAGKIGDVPKHLKDAHYKGAQELGRGIDYKYPHNYDNGWVEQQYLPDPLKNKQYYKPKQTGKFESALKQVYDKLMKR,7.0,doi.org/10.1038/s41592-020-0801-4,42.3,SP:O34528 YRVN_BACSU Uncharacterized AAA domain-co ( 421) 2691 486.5 3.5e-136
62,28943,28943,31352,YRSHHSDDIVYYPDSYESEIRYIPGPPGKPGPPGRAGNYGQPGSQGPIGPPGSSSCNYECPPGYYSTSRNNAGIEHAWCIKMRSTAKTFNSNLFVNLDIECKKEGDVLTGFQNYTEFKAVYDKFKSSLSSVINVNKMPMILIGARRKDECTKIRQPECTSINGNQWTDGVTNGKNFFESPGFFAQQQPSPGSGTKMCFGIWTATKKLYSYKCTESDTNKPAKLIMCGKPAPCV,7.0,doi.org/10.1038/s41592-020-0801-4,38.0,SP:P22576 STP_SHV2C Saimiri transformation-associa ( 102)  175 43.4  0.0011
