,Unnamed: 0,seq_id,protein_sequence,pH,data_source,tm
8320,8320,8633,MEDDRVFSSVHSTVFKESESLEGKCDKIEGYDFNQGVDYPKLMRSMLTTGFQASNLGEAIDVVNQMLDWRLADETTVAEDCSEEEKNPSFRESVKCKIFLGFTSNLVSSGVRDTIRYLVQHHMVDVIVTTTGGVEEDLIKCLAPTFKGDFSLPGAYLRSKGLNRIGNLLVPNDNYCKFEDWIIPIFDEMLKEQKEENVLWTPSKLLARLGKEINNESSYLYWAYKMNIPVFCPGLTDGSLGDMLYFHSFRTSGLIIDVVQDIRAMNGEAVHANPKKTGMIILGGGLPKHHICNANMMRNGADYAVFINTGQEFDGSDSGARPDEAVSWGKIRGSAKTVKVYCDATIAFPLLVAETFATKRDQTCESK,7.0,doi.org/10.1038/s41592-020-0801-4,49.1
8321,8321,8634,MEDEAVLDRGASFLKHVCDEEEVEGHHTIYIGVHVPKSYRRRRRHKRKAGHKEKKEKERISENYSDKSDVENADESSSSILKPLISPAAERIRFILGEEDDSPAPPQLFTELDELLAVDGQEMEWKETARWIKFEEKVEQGGERWSKPHVATLSLHSLFELRTCMEKGSIMLDREASSLPQLVEMIADHQIETGLLKPDLKDKVTYTLLRKHRHQTKKSNLRSLADIGKTVSSASRMFSNPDNGSPAMTHRNLTSSSLNDISDKPEKDQLKNKFMKKLPRDAEASNVLVGEVDFLDTPFIAFVRLQQAVMLGALTEVPVPTRFLFILLGPKGKAKSYHEIGRAIATLMSDEVFHDIAYKAKDRHDLIAGIDEFLDEVIVLPPGEWDPTIRIEPPKSLPSSDKRKNMYSGGENVQMNGDTPHDGGHGGGGHGDCEELQRTGRFCGGLIKDIKRKAPFFASDFYDALNIQALSAILFIYLATVTNAITFGGLLGDATDNMQGVLESFLGTAVSGAIFCLFAGQPLTILSSTGPVLVFERLLFNFSKDHNFDYLEFRLWIGLWSAFMCLVLVATDASFLVQYFTRFTEEGFSSLISFIFIYDAFKKMIKLADYYPINSDFKVGYNTHFSCACLPPDPVNLSVSNDTTLAPEDLPTISSTDMYHNVTFDWAYLSKKECVKYGGKLVGNNCDFVPDITLMSFILFLGTYTSSMAMKKFKTSRYFPTTARKLISDFAIILSILIFCVIDALVGVDTPKLIVPSEFKPTSPNRGWFVPPFGGNPWWVCLAAAIPALLVTILIFMDQQITAVIVNRKEHKLKKGAGYHLDLFWVAILMVVCSFMALPWYVAATVISIAHIDSLKMETETSAPGEQPKFLGVREQRVTGTLVFILTGLSVFMAPILKFIPMPVLYGVFLYMGVASLNGVQFMDRLKLLLMPLKHQPDFIYLRHVPLRRVHLFTFLQVLCLALLWILKSTVAAIIFPVMILALVAVRKGMDYLFSQHDLSFLDDVIPEKDKKKKEDEKKKKKKKGSLDSDNDDSDCPYSEKVPSIKIPMDIMEQQPFLSDNKPLDRERSSTFLERHTS,7.0,doi.org/10.1038/s41592-020-0801-4,57.8
10426,10426,11001,MGCVQCKDKEATKLTEERDGSLNQSSGYRYGTDPTPQHYPSFGVTSIPNYNNFHAAGGQGLTVFGGVNSSSHTGTLRTRGGTGVTLFVALYDYEARTEDDLSFHKGEKFQILNSSEGDWWEARDLTTGETGYIPSNYVAPVDSIQAEEWYFGKLGRKDAERQLLSFGNPRGTFLIRESETTKGAYSLSIRDWDDMKGDHVKHYKIRKLDNGGYYITTRAQFETLQQLVQHYSERAAGLCCRLVVPCHKGMPRLTDLSVKTKDVWEIPRESLQLIKRLGNGQFGEVWMGTWNGNTKVAIKTLKPGTMSPESFLEEAQIMKKLKHDKLVQLYAVVSEEPIYIVTEYMNKGSLLDFLKDGEGRALKLPNLVDMAAQVAAGMAYIERMNYIHRDLRSANILVGNGLICKIADFGLARLIEDNEYTARQGAKFPIKWTAPEAALYGRFTIKSDVWSFGILLTELVTKGRVPYPGMNNREVLEQVERGYRMPCPQDCPISLHELMIHCWKKDPEERPTFEYLQSFLEDYFTATEPQYQPGENL,8.0,10.1021/bi981788p,59.4
10427,10427,11002,MGCVQCKDKEATKLTEERDGSLNQSSGYRYGTDPTPQHYPSFGVTSIPNYNNFHAAGGQGLTVFGGVNSSSHTGTLRTRGGTGVTLFVALYDYEARTEDDLSFHKGEKFQILNSSEGDWWEARFLTTGETGYIPSNYVAPVDSIQAEEWYFGKLGRKDAERQLLSFGNPRGTFLIRESETTKGAYSLSIRDWDDMKGDHVKHYKIRKLDNGGYYITTRAQFETLQQLVQHYSERAAGLCCRLVVPCHKGMPRLTDLSVKTKDVWEIPRESLQLIKRLGNGQFGEVWMGTWNGNTKVAIKTLKPGTMSPESFLEEAQIMKKLKHDKLVQLYAVVSEEPIYIVTEYMNKGSLLDFLKDGEGRALKLPNLVDMAAQVAAGMAYIERMNYIHRDLRSANILVGNGLICKIADFGLARLIEDNEYTARQGAKFPIKWTAPEAALYGRFTIKSDVWSFGILLTELVTKGRVPYPGMNNREVLEQVERGYRMPCPQDCPISLHELMIHCWKKDPEERPTFEYLQSFLEDYFTATEPQYQPGENL,8.0,10.1021/bi981788p,61.4
10430,10430,11008,MGCVQCKDKEATKLTEERDGSLNQSSGYRYGTDPTPQHYPSFGVTSIPNYNNFHAAGGQGLTVFGGVNSSSHTGTLRTRGGTGVTLFVALYDYEARTEDDLSFHKGEKFQILNSSEGDWWEARILTTGETGYIPSNYVAPVDSIQAEEWYFGKLGRKDAERQLLSFGNPRGTFLIRESETTKGAYSLSIRDWDDMKGDHVKHYKIRKLDNGGYYITTRAQFETLQQLVQHYSERAAGLCCRLVVPCHKGMPRLTDLSVKTKDVWEIPRESLQLIKRLGNGQFGEVWMGTWNGNTKVAIKTLKPGTMSPESFLEEAQIMKKLKHDKLVQLYAVVSEEPIYIVTEYMNKGSLLDFLKDGEGRALKLPNLVDMAAQVAAGMAYIERMNYIHRDLRSANILVGNGLICKIADFGLARLIEDNEYTARQGAKFPIKWTAPEAALYGRFTIKSDVWSFGILLTELVTKGRVPYPGMNNREVLEQVERGYRMPCPQDCPISLHELMIHCWKKDPEERPTFEYLQSFLEDYFTATEPQYQPGENL,8.0,10.1021/bi981788p,73.3
10431,10431,11011,MGCVQCKDKEATKLTEERDGSLNQSSGYRYGTDPTPQHYPSFGVTSIPNYNNFHAAGGQGLTVFGGVNSSSHTGTLRTRGGTGVTLFVALYDYEARTEDDLSFHKGEKFQILNSSEGDWWEARKLTTGETGYIPSNYVAPVDSIQAEEWYFGKLGRKDAERQLLSFGNPRGTFLIRESETTKGAYSLSIRDWDDMKGDHVKHYKIRKLDNGGYYITTRAQFETLQQLVQHYSERAAGLCCRLVVPCHKGMPRLTDLSVKTKDVWEIPRESLQLIKRLGNGQFGEVWMGTWNGNTKVAIKTLKPGTMSPESFLEEAQIMKKLKHDKLVQLYAVVSEEPIYIVTEYMNKGSLLDFLKDGEGRALKLPNLVDMAAQVAAGMAYIERMNYIHRDLRSANILVGNGLICKIADFGLARLIEDNEYTARQGAKFPIKWTAPEAALYGRFTIKSDVWSFGILLTELVTKGRVPYPGMNNREVLEQVERGYRMPCPQDCPISLHELMIHCWKKDPEERPTFEYLQSFLEDYFTATEPQYQPGENL,8.0,10.1021/bi981788p,85.5
10432,10432,11013,MGCVQCKDKEATKLTEERDGSLNQSSGYRYGTDPTPQHYPSFGVTSIPNYNNFHAAGGQGLTVFGGVNSSSHTGTLRTRGGTGVTLFVALYDYEARTEDDLSFHKGEKFQILNSSEGDWWEARLLTTGETGYIPSNYVAPVDSIQAEEWYFGKLGRKDAERQLLSFGNPRGTFLIRESETTKGAYSLSIRDWDDMKGDHVKHYKIRKLDNGGYYITTRAQFETLQQLVQHYSERAAGLCCRLVVPCHKGMPRLTDLSVKTKDVWEIPRESLQLIKRLGNGQFGEVWMGTWNGNTKVAIKTLKPGTMSPESFLEEAQIMKKLKHDKLVQLYAVVSEEPIYIVTEYMNKGSLLDFLKDGEGRALKLPNLVDMAAQVAAGMAYIERMNYIHRDLRSANILVGNGLICKIADFGLARLIEDNEYTARQGAKFPIKWTAPEAALYGRFTIKSDVWSFGILLTELVTKGRVPYPGMNNREVLEQVERGYRMPCPQDCPISLHELMIHCWKKDPEERPTFEYLQSFLEDYFTATEPQYQPGENL,8.0,10.1021/bi981788p,75.6
10433,10433,11015,MGCVQCKDKEATKLTEERDGSLNQSSGYRYGTDPTPQHYPSFGVTSIPNYNNFHAAGGQGLTVFGGVNSSSHTGTLRTRGGTGVTLFVALYDYEARTEDDLSFHKGEKFQILNSSEGDWWEARNLTTGETGYIPSNYVAPVDSIQAEEWYFGKLGRKDAERQLLSFGNPRGTFLIRESETTKGAYSLSIRDWDDMKGDHVKHYKIRKLDNGGYYITTRAQFETLQQLVQHYSERAAGLCCRLVVPCHKGMPRLTDLSVKTKDVWEIPRESLQLIKRLGNGQFGEVWMGTWNGNTKVAIKTLKPGTMSPESFLEEAQIMKKLKHDKLVQLYAVVSEEPIYIVTEYMNKGSLLDFLKDGEGRALKLPNLVDMAAQVAAGMAYIERMNYIHRDLRSANILVGNGLICKIADFGLARLIEDNEYTARQGAKFPIKWTAPEAALYGRFTIKSDVWSFGILLTELVTKGRVPYPGMNNREVLEQVERGYRMPCPQDCPISLHELMIHCWKKDPEERPTFEYLQSFLEDYFTATEPQYQPGENL,8.0,10.1021/bi981788p,77.5
10434,10434,11017,MGCVQCKDKEATKLTEERDGSLNQSSGYRYGTDPTPQHYPSFGVTSIPNYNNFHAAGGQGLTVFGGVNSSSHTGTLRTRGGTGVTLFVALYDYEARTEDDLSFHKGEKFQILNSSEGDWWEARRLTTGETGYIPSNYVAPVDSIQAEEWYFGKLGRKDAERQLLSFGNPRGTFLIRESETTKGAYSLSIRDWDDMKGDHVKHYKIRKLDNGGYYITTRAQFETLQQLVQHYSERAAGLCCRLVVPCHKGMPRLTDLSVKTKDVWEIPRESLQLIKRLGNGQFGEVWMGTWNGNTKVAIKTLKPGTMSPESFLEEAQIMKKLKHDKLVQLYAVVSEEPIYIVTEYMNKGSLLDFLKDGEGRALKLPNLVDMAAQVAAGMAYIERMNYIHRDLRSANILVGNGLICKIADFGLARLIEDNEYTARQGAKFPIKWTAPEAALYGRFTIKSDVWSFGILLTELVTKGRVPYPGMNNREVLEQVERGYRMPCPQDCPISLHELMIHCWKKDPEERPTFEYLQSFLEDYFTATEPQYQPGENL,8.0,10.1021/bi981788p,82.6
20069,20069,22113,MRNTGAGPSPSVSRPPPSAAPLSGAALAAPGDAPSALYAPSALMLTVGKGVSATTAAPERAVTLTCAPGPSGTHPAAGSACADLAAVGGDLNALTRGEDVMCPMVYDPVLLTVDGVWQGKRVSYERVFSNECEMNAHGSSVFAF,8.0,,82.2
20070,20070,22114,MRNTGAGPSPSVSRPPPSAAPLSGAALAAPGDAPSALYAPSALMLTVGKGVSATTAAPERAVTLTCAPGPSGTHPAAGSACADLAAVGGDLNALTRGEDVMCPMVYDPVLLTVDGVWQGKRVSYERVFSNECEMNAHGSSVFAF,8.2,,82.2
20071,20071,22151,MRNTGAGPSPSVSRPPPSAAPLSGAALAAPGDAPSALYAPSALVLTVGKGVSATTAAPERAVTLTCAPGPSGTHPAAGSACADLAAVGGDLNALTRGEDVMCPMVYDPVLLTVCGVWQGKRVSYERVFSNECEMNAHGSSVFAF,7.0,10.1021/bi00252a018,95.3
20072,20072,22152,MRNTGAGPSPSVSRPPPSAAPLSGAALAAPGDAPSALYAPSALVLTVGKGVSATTAAPERAVTLTCAPGPSGTHPAAGSACADLAAVGGDLNALTRGEDVMCPMVYDPVLLTVCGVWQGKRVSYERVFSNECEMNAHGSSVFAF,3.16,10.1021/bi00252a018,66.5
20073,20073,22153,MRNTGAGPSPSVSRPPPSAAPLSGAALAAPGDAPSALYAPSALVLTVGKGVSATTAAPERAVTLTCAPGPSGTHPAAGSACADLAAVGGDLNALTRGEDVMCPMVYDPVLLTVCGVWQGKRVSYERVFSNECEMNAHGSSVFAF,2.94,10.1021/bi00252a018,61.2
20074,20074,22154,MRNTGAGPSPSVSRPPPSAAPLSGAALAAPGDAPSALYAPSALVLTVGKGVSATTAAPERAVTLTCAPGPSGTHPAAGSACADLAAVGGDLNALTRGEDVMCPMVYDPVLLTVCGVWQGKRVSYERVFSNECEMNAHGSSVFAF,9.75,10.1021/bi00252a018,94.8
20075,20075,22155,MRNTGAGPSPSVSRPPPSAAPLSGAALAAPGDAPSALYAPSALVLTVGKGVSATTAAPERAVTLTCAPGPSGTHPAAGSACADLAAVGGDLNALTRGEDVMCPMVYDPVLLTVCGVWQGKRVSYERVFSNECEMNAHGSSVFAF,3.15,10.1021/bi00252a018,66.6
20076,20076,22156,MRNTGAGPSPSVSRPPPSAAPLSGAALAAPGDAPSALYAPSALVLTVGKGVSATTAAPERAVTLTCAPGPSGTHPAAGSACADLAAVGGDLNALTRGEDVMCPMVYDPVLLTVCGVWQGKRVSYERVFSNECEMNAHGSSVFAF,3.07,10.1021/bi00252a018,64.5
20077,20077,22157,MRNTGAGPSPSVSRPPPSAAPLSGAALAAPGDAPSALYAPSALVLTVGKGVSATTAAPERAVTLTCAPGPSGTHPAAGSACADLAAVGGDLNALTRGEDVMCPMVYDPVLLTVCGVWQGKRVSYERVFSNECEMNAHGSSVFAF,3.04,10.1021/bi00252a018,63.2
20078,20078,22158,MRNTGAGPSPSVSRPPPSAAPLSGAALAAPGDAPSALYAPSALVLTVGKGVSATTAAPERAVTLTCAPGPSGTHPAAGSACADLAAVGGDLNALTRGEDVMCPMVYDPVLLTVCGVWQGKRVSYERVFSNECEMNAHGSSVFAF,3.25,10.1021/bi00252a018,68.8
20079,20079,22159,MRNTGAGPSPSVSRPPPSAAPLSGAALAAPGDAPSALYAPSALVLTVGKGVSATTAAPERAVTLTCAPGPSGTHPAAGSACADLAAVGGDLNALTRGEDVMCPMVYDPVLLTVCGVWQGKRVSYERVFSNECEMNAHGSSVFAF,9.5,10.1021/bi00252a018,95.0
20080,20080,22160,MRNTGAGPSPSVSRPPPSAAPLSGAALAAPGDAPSALYAPSALVLTVGKGVSATTAAPERAVTLTCAPGPSGTHPAAGSACADLAAVGGDLNALTRGEDVMCPMVYDPVLLTVDGVWQGKRVSYERVFSNECEANAHGSSVFAF,6.9,,75.5
20081,20081,22161,MRNTGAGPSPSVSRPPPSAAPLSGAALAAPGDAPSALYAPSALVLTVGKGVSATTAAPERAVTLTCAPGPSGTHPAAGSACADLAAVGGDLNALTRGEDVMCPMVYDPVLLTVDGVWQGKRVSYERVFSNECEANAHGSSVFAF,9.5,10.1006/jmbi.1995.0323,75.5
20082,20082,22162,MRNTGAGPSPSVSRPPPSAAPLSGAALAAPGDAPSALYAPSALVLTVGKGVSATTAAPERAVTLTCAPGPSGTHPAAGSACADLAAVGGDLNALTRGEDVMCPMVYDPVLLTVDGVWQGKRVSYERVFSNECEANAHGSSVFAF,7.0,10.1006/jmbi.1995.0323,78.0
20083,20083,22163,MRNTGAGPSPSVSRPPPSAAPLSGAALAAPGDAPSALYAPSALVLTVGKGVSATTAAPERAVTLTCAPGPSGTHPAAGSACADLAAVGGDLNALTRGEDVMCPMVYDPVLLTVDGVWQGKRVSYERVFSNECEANAHGSSVFAF,3.2,10.1006/jmbi.1995.0323,49.3
20084,20084,22164,MRNTGAGPSPSVSRPPPSAAPLSGAALAAPGDAPSALYAPSALVLTVGKGVSATTAAPERAVTLTCAPGPSGTHPAAGSACADLAAVGGDLNALTRGEDVMCPMVYDPVLLTVDGVWQGKRVSYERVFSNECEGNAHGSSVFAF,8.2,,81.5
20085,20085,22165,MRNTGAGPSPSVSRPPPSAAPLSGAALAAPGDAPSALYAPSALVLTVGKGVSATTAAPERAVTLTCAPGPSGTHPAAGSACADLAAVGGDLNALTRGEDVMCPMVYDPVLLTVDGVWQGKRVSYERVFSNECEGNAHGSSVFAF,8.0,,81.6
20086,20086,22166,MRNTGAGPSPSVSRPPPSAAPLSGAALAAPGDAPSALYAPSALVLTVGKGVSATTAAPERAVTLTCAPGPSGTHPAAGSACADLAAVGGDLNALTRGEDVMCPMVYDPVLLTVDGVWQGKRVSYERVFSNECEGNAHGSSVFAF,9.5,10.1006/jmbi.1995.0323,66.3
20087,20087,22167,MRNTGAGPSPSVSRPPPSAAPLSGAALAAPGDAPSALYAPSALVLTVGKGVSATTAAPERAVTLTCAPGPSGTHPAAGSACADLAAVGGDLNALTRGEDVMCPMVYDPVLLTVDGVWQGKRVSYERVFSNECEGNAHGSSVFAF,7.0,10.1006/jmbi.1995.0323,68.6
20088,20088,22168,MRNTGAGPSPSVSRPPPSAAPLSGAALAAPGDAPSALYAPSALVLTVGKGVSATTAAPERAVTLTCAPGPSGTHPAAGSACADLAAVGGDLNALTRGEDVMCPMVYDPVLLTVDGVWQGKRVSYERVFSNECEINAHGSSVFAF,7.0,10.1006/jmbi.1995.0323,78.3
20089,20089,22169,MRNTGAGPSPSVSRPPPSAAPLSGAALAAPGDAPSALYAPSALVLTVGKGVSATTAAPERAVTLTCAPGPSGTHPAAGSACADLAAVGGDLNALTRGEDVMCPMVYDPVLLTVDGVWQGKRVSYERVFSNECEINAHGSSVFAF,3.2,10.1006/jmbi.1995.0323,46.1
20090,20090,22170,MRNTGAGPSPSVSRPPPSAAPLSGAALAAPGDAPSALYAPSALVLTVGKGVSATTAAPERAVTLTCAPGPSGTHPAAGSACADLAAVGGDLNALTRGEDVMCPMVYDPVLLTVDGVWQGKRVSYERVFSNECEINAHGSSVFAF,9.5,10.1006/jmbi.1995.0323,75.9
20091,20091,22171,MRNTGAGPSPSVSRPPPSAAPLSGAALAAPGDAPSALYAPSALVLTVGKGVSATTAAPERAVTLTCAPGPSGTHPAAGSACADLAAVGGDLNALTRGEDVMCPMVYDPVLLTVDGVWQGKRVSYERVFSNECEINAHGSSVFAF,6.9,,75.5
20092,20092,22172,MRNTGAGPSPSVSRPPPSAAPLSGAALAAPGDAPSALYAPSALVLTVGKGVSATTAAPERAVTLTCAPGPSGTHPAAGSACADLAAVGGDLNALTRGEDVMCPMVYDPVLLTVDGVWQGKRVSYERVFSNECELNAHGSSVFAF,7.0,10.1006/jmbi.1995.0323,82.5
20093,20093,22173,MRNTGAGPSPSVSRPPPSAAPLSGAALAAPGDAPSALYAPSALVLTVGKGVSATTAAPERAVTLTCAPGPSGTHPAAGSACADLAAVGGDLNALTRGEDVMCPMVYDPVLLTVDGVWQGKRVSYERVFSNECELNAHGSSVFAF,9.5,10.1006/jmbi.1995.0323,80.2
20094,20094,22174,MRNTGAGPSPSVSRPPPSAAPLSGAALAAPGDAPSALYAPSALVLTVGKGVSATTAAPERAVTLTCAPGPSGTHPAAGSACADLAAVGGDLNALTRGEDVMCPMVYDPVLLTVDGVWQGKRVSYERVFSNECELNAHGSSVFAF,3.2,10.1006/jmbi.1995.0323,55.8
20095,20095,22175,MRNTGAGPSPSVSRPPPSAAPLSGAALAAPGDAPSALYAPSALVLTVGKGVSATTAAPERAVTLTCAPGPSGTHPAAGSACADLAAVGGDLNALTRGEDVMCPMVYDPVLLTVDGVWQGKRVSYERVFSNECEVNAHGSSVFAF,6.6,,72.1
20096,20096,22176,MRNTGAGPSPSVSRPPPSAAPLSGAALAAPGDAPSALYAPSALVLTVGKGVSATTAAPERAVTLTCAPGPSGTHPAAGSACADLAAVGGDLNALTRGEDVMCPMVYDPVLLTVDGVWQGKRVSYERVFSNECEVNAHGSSVFAF,7.0,10.1006/jmbi.1995.0323,78.6
20097,20097,22177,MRNTGAGPSPSVSRPPPSAAPLSGAALAAPGDAPSALYAPSALVLTVGKGVSATTAAPERAVTLTCAPGPSGTHPAAGSACADLAAVGGDLNALTRGEDVMCPMVYDPVLLTVDGVWQGKRVSYERVFSNECEVNAHGSSVFAF,3.2,10.1006/jmbi.1995.0323,49.1
20098,20098,22178,MRNTGAGPSPSVSRPPPSAAPLSGAALAAPGDAPSALYAPSALVLTVGKGVSATTAAPERAVTLTCAPGPSGTHPAAGSACADLAAVGGDLNALTRGEDVMCPMVYDPVLLTVDGVWQGKRVSYERVFSNECEVNAHGSSVFAF,9.5,10.1006/jmbi.1995.0323,76.4
20099,20099,22179,MRNTGAGPSPSVSRPPPSAAPLSGAALAAPGDAPSALYAPSALVLTVGKGVSATTAAPERAVTLTCAPGPSGTHPAAGSACADLAAVGGDLNALTRGEDVMCPMVYDPVLLTVDGVWQGKRVSYERVFSNECEVNAHGSSVFAF,6.9,,75.5
20100,20100,22180,MRNTGAGPSPSVSRPPPSAAPLSGAALAAPGDAPSALYAPSALVLTVGKGVSATTAAPERAVTLTCAPGPSGTHPAAGSACADLAAVGGDLNALTRGEDVMCPMVYDPVLLTVNGVWQGKRVSYERVFSNECEMNAHGSSVFAF,7.0,10.1021/bi00252a018,83.1
20101,20101,22181,MRNTGAGPSPSVSRPPPSAAPLSGAALAAPGDAPSALYAPSALVLTVGKGVSATTAAPERAVTLTCAPGPSGTHPAAGSACADLAAVGGDLNALTRGEDVMCPMVYDPVLLTVNGVWQGKRVSYERVFSNECEMNAHGSSVFAF,3.2,10.1021/bi00252a018,51.3
20102,20102,22182,MRNTGAGPSPSVSRPPPSAAPLSGAALAAPGDAPSALYAPSALVLTVGKGVSATTAAPERAVTLTCAPGPSGTHPAAGSACADLAAVGGDLNALTRGEDVMCPMVYDPVLLTVNGVWQGKRVSYERVFSNECEMNAHGSSVFAF,3.21,10.1021/bi00252a018,51.3
20103,20103,22183,MRNTGAGPSPSVSRPPPSAAPLSGAALAAPGDAPSALYAPSALVLTVGKGVSATTAAPERAVTLTCAPGPSGTHPAAGSACADLAAVGGDLNALTRGEDVMCPMVYDPVLLTVNGVWQGKRVSYERVFSNECEMNAHGSSVFAF,3.15,10.1021/bi00252a018,50.2
20104,20104,22184,MRNTGAGPSPSVSRPPPSAAPLSGAALAAPGDAPSALYAPSALVLTVGKGVSATTAAPERAVTLTCAPGPSGTHPAAGSACADLAAVGGDLNALTRGEDVMCPMVYDPVLLTVNGVWQGKRVSYERVFSNECEMNAHGSSVFAF,3.16,10.1021/bi00252a018,49.9
20105,20105,22185,MRNTGAGPSPSVSRPPPSAAPLSGAALAAPGDAPSALYAPSALVLTVGKGVSATTAAPERAVTLTCAPGPSGTHPAAGSACADLAAVGGDLNALTRGEDVMCPMVYDPVLLTVNGVWQGKRVSYERVFSNECEMNAHGSSVFAF,9.5,10.1021/bi00252a018,82.6
20106,20106,22186,MRNTGAGPSPSVSRPPPSAAPLSGAALAAPGDAPSALYAPSALVLTVGKGVSATTAAPERAVTLTCAPGPSGTHPAAGSACADLAAVGGDLNALTRGEDVMCPMVYDPVLLTVNGVWQGKRVSYERVFSNECEMNAHGSSVFAF,3.07,10.1021/bi00252a018,47.3
20107,20107,22187,MRNTGAGPSPSVSRPPPSAAPLSGAALAAPGDAPSALYAPSALVLTVGKGVSATTAAPERAVTLTCAPGPSGTHPAAGSACADLAAVGGDLNALTRGEDVMCPMVYDPVLLTVNGVWQGKRVSYERVFSNECEMNAHGSSVFAF,9.75,10.1021/bi00252a018,82.3
20108,20108,22188,MRNTGAGPSPSVSRPPPSAAPLSGAALAAPGDAPSALYAPSALVLTVGKGVSATTAAPERAVTLTCAPGPSGTHPAAGSACADLAAVGGDLNALTRGEDVMCPMVYDPVLLTVNGVWQGKRVSYERVFSNECEMNAHGSSVFAF,2.9,10.1021/bi00252a018,42.3
20109,20109,22189,MRNTGAGPSPSVSRPPPSAAPLSGAALAAPGDAPSALYAPSALVLTVGKGVSATTAAPERAVTLTCAPGPSGTHPAAGSACADLAAVGGDLNALTRGEDVMCPMVYDPVLLTVNGVWQGKRVSYERVFSNECEMNAHGSSVFAF,3.04,10.1021/bi00252a018,46.3
20110,20110,22190,MRNTGAGPSPSVSRPPPSAAPLSGAALAAPGDAPSALYAPSALVLTVGKGVSATTAAPERAVTLTCAPGPSGTHPAAGSACADLAAVGGDLNALTRGEDVMCPMVYDPVLLTVNGVWQGKRVSYERVFSNECEMNAHGSSVFAF,2.98,10.1021/bi00252a018,45.1
20111,20111,22191,MRNTGAGPSPSVSRPPPSAAPLSGAALAAPGDAPSALYAPSALVLTVGKGVSATTAAPERAVTLTCAPGPSGTHPAAGSACADLAAVGGDLNALTRGEDVMCPMVYDPVLLTVNGVWQGKRVSYERVFSNECEMNAHGSSVFAF,2.94,10.1021/bi00252a018,44.8
20112,20112,22192,MRNTGAGPSPSVSRPPPSAAPLSGAALAAPGDAPSALYAPSALVLTVGKGVSATTAAPERAVTLTCAPGPSGTHPAAGSACADLAAVGGDLNALTRGEDVMCPMVYDPVLLTVNGVWQGKRVSYERVFSNECEMNAHGSSVFAF,3.19,10.1021/bi00252a018,51.4
20113,20113,22193,MRNTGAGPSPSVSRPPPSAAPLSGAALAAPGDAPSALYAPSALVLTVGKGVSATTAAPERAVTLTCAPGPSGTHPAAGSACADLAAVGGDLNALTRGEDVMCPVVYDPVLLTVDGVWQGKRVSYERVFSNECEMNAHGSSVFAF,7.0,10.1006/jmbi.1995.0325,81.0
20114,20114,22194,MRNTGAGPSPSVSRPPPSAAPLSGAALAAPGDAPSALYAPSALVLTVGKGVSATTAAPERAVTLTCAPGPSGTHPAAGSACADLAAVGGDLNALTRGEDVMCPVVYDPVLLTVDGVWQGKRVSYERVFSNECEMNAHGSSVFAF,9.5,10.1006/jmbi.1995.0325,79.0
20115,20115,22195,MRNTGAGPSPSVSRPPPSAAPLSGAALAAPGDAPSALYAPSALVLTVGKGVSATTAAPERAVTLTCAPGPSGTHPAAGSACADLAAVGGDLNALTRGEDVMCPVVYDPVLLTVDGVWQGKRVSYERVFSNECEMNAHGSSVFAF,3.2,10.1006/jmbi.1995.0325,52.0
20116,20116,22196,MRNTGAGPSPSVSRPPPSAAPLSGAALAAPGDAPSALYAPSALVLTVGKGVSATTAAPERAVTLTCAPGPSGTHPAAGSACADLAAVGGDLNALTRGEDVMCPVVYDPVLLTVDGVWQGKRVSYERVFSNECEMNAHGSSVFAF,6.9,,53.4
20117,20117,22197,MRNVLIAGTGYLGESMAYDFLRHGFHVTVNSRNEKKLDDIKNRLSAYGSIDHIAMELKDMESCKNLMDEMHKRHGSIFGLIVSVGGYVEDSIEDPSGLDVMINNHLKIPVYLASAALKYMDHGSSIMFISNSTADRKSNLRTFSYTISKYALNKAVKIAAVNLINKGIRVNAVAPEYIIESFEPNRDYHAMHKYGKPETPVEDISRVVYDIMAENDWINGEIIAVDGGHSL,7.0,doi.org/10.1038/s41592-020-0801-4,73.4
20118,20118,22198,MRNVTAAGRNVDEAVQSGLQELGLTKDKVEITVIEEGNKGFLGIFGKKPAIVKLVEKIDPIQQAKLYLQTIAEAIAGKSDVTVQESKKTVRYHITGEKAALLIGKRGQTLNALETLTQLALNRYPGQYKNVTVDAENYRLKRKETLSQLAIKLADQVLKTKKSIQLEPMPSSERKIIHDTLSGYANHQIKTYSMGEGENRHLVISHK,7.0,doi.org/10.1038/s41592-020-0801-4,48.1
28397,28397,30806,TMVKLSGALSKKQRTIHCQCLECDRSGKYKRSLFKKISNFSTWSNLTLVLLWVVMIFLIYYTKNMSREAQVFDPFSILGLEPGVTDSEIKKAYRRLSIQYHPDKNPDPEANKYFVEFISKAYQALTDSVSRENFEKYGHPDGRQGFQMGIALPQFLLDIDGASGGILLLWIVGVCILLPLVIAVIYLSRSSKYTGNYVMHQTLSAYYYLMKPSLAPSKVMEVFTKAAEYMEIPVRRTDDEPLQKLFMSVRSELNLDLKNMKQEQAKFWKQHPAIVKTELLIQAQLTRESGVLSPALQGDFRRVLELAPRLLEELLKMAVIPRTAQGHGWLRPAVGVVELSQCIVQAVPLSARKSSGVSSEGISPFLQLPHFSDAVVKKIARKKVKSFQDLQEMRLEDRSELLTQVAGLSATDVEDIEKVLEMMPSITVDITCETEGEEGIQEGDIVTLQAWVTLKRPNGLVGALPHAPYFPFHKEENYWVLLADSVSNNVWFSQKVSFLDEGGAITAASKAISESMEGSGAGVKETNDAVREAIEKVKGGSRLVMGKLQAPAEGTYNLTCFCLCDTWIGCDKKQALKVKVLKRTRAGTRGLVSDEGAIAEEGMEEEDEIEEEDYDDDYESEYSEDEDEKKDMDEKRGSKKANGSVKQKKESSSEESGSEE,7.0,doi.org/10.1038/s41592-020-0801-4,39.4
28398,28398,30807,TNFFVVPKRTNPLPGTRRTFSSSPVAAASGDVVVKPVPSPPSVLRWVSRTELCGELSVNDVGKRVHLCGWVALHRVHGGLTFLNLRDHTGIVQVRTLPDEFPEAHGLINDMRLEYVVLVEGTVRSRPNESVNKKMKTGFVEVVAEHVEILNPVRTKLPFLVTTADENKDLIKEEIRLRFRCLDLRRQQMKNNIVLRHNVVKLIRRYLEDRHGFIEIETPILSRSTPEGARDYLVPSRIQSGTFYALPQSPQLFKQMLMVSGFDKYYQIARCFRDEDLRADRQPEFTQLDMEMAFMPMEDMLKLNEDLIRKVFSEIKGIQLPDPFPRLTYADAMDRYGSDRPDTRFDLELKDVSNVFTESSFRVFTEALESGGIIKVLCVPLGAKKYSNSALKKGDIYNEAMKSGAKGLPFLKVLDNGEIEGIAALVSSLDSAGKINFVKQCGAAPGDLILFGVGPVTSVNKTLDRLRLFVAHDMDLIDHSKHSILWVTDFPMFEWNEPEQRLEALHHPFTAPKPEDMDDLPSARALAYDMVYNGVEIGGGSLRIYKRDVQEKVLEIIGISPEEAESKFGYLLEALDMGAPPHGGIAYGLDRMVMMLGGASSIRDVIAFPKTTTAQCALTRTPSEVDPKQLQDLSIRT,7.0,doi.org/10.1038/s41592-020-0801-4,42.5
28942,28942,31351,YRMRPTKIEDIIGQQHLVAEDKIIGRMVQAKHLSSMILYGPPGIGKTSIATAIAGSTSIAFRKLNAVINNKKDMEIVAQEAKMSGQVILILDEVHRLDKGKQDFLLPYLENGMIILIGATTANPYHAINPAIRSRTQIFELEPLTPELIKQALERALHDEHRGLGTYSVSIDDQAMEHFAHGCGGDVRSALNALELAVLSTKESADGEIHITLETAEECLQKKSFSHDKDGDAHYDVLSAFQKSIRGSDANAALHYLARLIEAGDLESIARRLLVIAYEDIGLASPQAGPRVLNAIQTAERVGFPEARIPLANAVIELCLSPKSNSAILAIDEALADIRAGKIGDVPKHLKDAHYKGAQELGRGIDYKYPHNYDNGWVEQQYLPDPLKNKQYYKPKQTGKFESALKQVYDKLMKR,7.0,doi.org/10.1038/s41592-020-0801-4,42.3
28943,28943,31352,YRSHHSDDIVYYPDSYESEIRYIPGPPGKPGPPGRAGNYGQPGSQGPIGPPGSSSCNYECPPGYYSTSRNNAGIEHAWCIKMRSTAKTFNSNLFVNLDIECKKEGDVLTGFQNYTEFKAVYDKFKSSLSSVINVNKMPMILIGARRKDECTKIRQPECTSINGNQWTDGVTNGKNFFESPGFFAQQQPSPGSGTKMCFGIWTATKKLYSYKCTESDTNKPAKLIMCGKPAPCV,7.0,doi.org/10.1038/s41592-020-0801-4,38.0
